,TP,FP,FN,TN,precision,recall,f1,accuracy,mcc
program name,33,47,154,1436,0.4125,0.17647058823529413,0.24719101123595508,0.8796407185628743,0.21377189897555318
client,53,28,436,1148,0.654320987654321,0.1083844580777096,0.18596491228070175,0.7213213213213213,0.1790521999048717
need satisfier,57,24,619,953,0.7037037037037037,0.08431952662721894,0.15059445178335534,0.6110102843315185,0.13608889790392295
need outcome,40,41,171,1414,0.49382716049382713,0.1895734597156398,0.273972602739726,0.8727490996398559,0.24957726830930263
catchment area,15,66,71,1542,0.18518518518518517,0.1744186046511628,0.17964071856287422,0.9191263282172373,0.13721550003321117
